{"cameraMode":{"drawMode":0,"name":"Shaded","section":"Shading Mode"},"sceneLighting":false,"audioPlay":false,"sceneViewState":{"showFog":true,"showMaterialUpdate":false,"showSkybox":false,"showFlares":true,"showImageEffects":true,"showParticleSystems":true},"in2DMode":false,"pivot":{"x":-4.69153356552124,"y":0.8999999165534973,"z":4.59999942779541},"rotation":{"x":0.08457856625318527,"y":0.9099216461181641,"z":-0.2299203872680664,"w":0.3347269594669342},"size":4.1204938888549809,"orthographic":false}