{"cameraMode":{"drawMode":0,"name":"Shaded","section":"Shading Mode"},"sceneLighting":false,"audioPlay":false,"sceneViewState":{"showFog":true,"showMaterialUpdate":false,"showSkybox":false,"showFlares":true,"showImageEffects":true,"showParticleSystems":true},"in2DMode":false,"pivot":{"x":-0.576431393623352,"y":2.794799566268921,"z":-2.1168928146362306},"rotation":{"x":-0.12980155646800996,"y":-0.8692172169685364,"z":0.35882121324539187,"w":-0.3144373893737793},"size":1.1431537866592408,"orthographic":false}